Workbook

Sheet INSTRUCTIONS
A1: General Information | B1: This spreadsheet template provides ways to track digital files being processed and prepare information used in the digital processing workflow at Stanford University Libraries. More information about the processing workflow can be found here: https://github.com/sul-dlss/born-digital-processing This spreadsheet uses formulas to repurpose various types of data about files for specific uses in our processing workflow. Any columns that appear in grey with the header "DO NOT EDIT - FILL DOWN" will be populated by data entered elsewhere in the spreadsheet. Formulas, columns, and sheets can be modified to fit your needs or the systems that you use. Always make a copy of the spreadsheet before adding information for a specific collection to maintain the original template. This spreadsheet was prepared by staff at Stanford University Libraries - last updated in 2026.
A3: How to Use | B3: 1. Use the file_info script to get file paths, creation dates, size (in bytes), and md5 for files that you want to process a. How to use the script (Instructions for Mac): i. Download file_info.sh file to your computer ii. Open the terminal and cd to the location where you have stored iii. [If running for the first time on your computer:] Enter the following command to make the file executable: chmod +x file_info.sh iv. Open the file_info.sh file and update the input and output file directories for your files v. Run the script in the terminal with the following command: ./file_info.sh b. Copy/paste information from the resulting file_info.csv file into the file_list spreadsheet in the following columns: i. Path → 1. “all files”, Column C 2. “file_dates”, Column B 3. “filesize_bytes”, Column B 4. “checksums”, Column B ii. Size (bytes) → “filesize_bytes”, Column D iii. Creation date → “file_dates”, Column D iv. MD5 Checksum → “checksums” Column C 2. Add Collection Number and Computer Media Number (CM#) in “all files”, columns A & B a. These two fields populate the “source_id” field in other sheets. If you leave them blank, you may need to alter the “source_id” to remove extra “_” 3. Choose an “action” for files in column N on the “all files” sheet a. “Accession to SDR” - all rows will be copied to the “files_to_accession” sheet b. “Review” - no action c. “Restrict or Redact” - all rows will be copied to the “restricted_files” sheet 4. Choose an “action rationale” in column O if possible (this may be an iterative process where you go back and add this later as you decide) 5. Go to “duplicates” sheet and review files identified as duplicates in the “duplicates.” Designate any that you don’t want to process with “no action” in column N of the “all files” sheet
A5: Notes | B5: 1. Be consistent with the "full file path" field - it appears in multiple sheets and is used to filter or match data from the "all_files" sheet to other sheets

Sheet all_files
A1: This sheet contains information about all of the files in a collection. Use this sheet to: 1. Add Collection # (Column A) 2. Add Computer Media # (Column B) 3. Add full file path (Column C) 4. Choose processing actions (Column N) and action rationale (Column O)
D2: DO NOT EDIT - FILL DOWN | E2: DO NOT EDIT - FILL DOWN | F2: DO NOT EDIT - FILL DOWN | G2: DO NOT EDIT - FILL DOWN | K2: DO NOT EDIT - FILL DOWN | L2: DO NOT EDIT - FILL DOWN | S2: DO NOT EDIT - FILL DOWN | U2: DO NOT EDIT - FILL DOWN | V2: DO NOT EDIT - FILL DOWN | W2: DO NOT EDIT - FILL DOWN
A3: Collection # | B3: Computer Media # | C3: full file path | D3: file name | E3: file extension | F3: format | G3: mime | H3: renderable? | I3: rendered with | J3: comments on rendering | K3: filesize | L3: extent | M3: technical notes | N3: action | O3: action rationale | P3: rights | Q3: disk label | R3: notes | S3: date from file | T3: date from content | U3: checksum | V3: duplicate file? | W3: source_id | X3: general topic
D4: =TRIM(RIGHT(SUBSTITUTE(C4,"/",REPT(" ",100)),100)) | E4: =IFERROR(RIGHT(D4, LEN(D4) - FIND("@", SUBSTITUTE(D4, ".", "@", LEN(D4) - LEN(SUBSTITUTE(D4, ".", ""))))), "") | F4: =IF(E4=" "," ",vlookup(E4,formats!A:C,2,false)) -> #N/A | G4: =if(E4=" "," ",vlookup(E4,formats!A:C,3,false)) -> #N/A | K4: {=IF( filesize_bytes!D3:D1691 = "", "", IF( filesize_bytes!D3:D1691 < 1024^2, TEXT(ROUNDDOWN(filesize_bytes!D3:D1691 / 1024, 2), "0.00") & " KB", IF( filesize_bytes!D3:D1691 < 1024^3, TEXT(ROUNDDOWN(filesize_bytes!D3:D1691 / 1024^2, 2), "0.00") & " MB", IF( filesize_bytes!D3:D1691 < 1024^4, TEXT(ROUNDDOWN(filesize_bytes!D3:D1691 / 1024^3, 2), "0.00") & " GB", TEXT(ROUNDDOWN(filesize_bytes!D3:D1691 / 1024^4, 2), "0.00") & " TB" ) ) ) )} | L4: =if(K4="","",concatenate("1 ",F4," file (",K4,")")) | S4: =if(C4="","",vlookup(C4, file_dates!B:D, 3, "")) | U4: {=IFERROR(VLOOKUP(TRIM(C4), {TRIM(checksums!B:B), checksums!C:C}, 2, FALSE), "")} | V4: {=IF(U4="", "", IF(COUNTIF(LOWER(TRIM(CLEAN(duplicates!C:C))), LOWER(TRIM(CLEAN(U4)))), "Yes", "No"))} | W4: =IF(OR(A4="", N4="do not accession"), "", "sul:" & A4 & IF(B4<>"", "_" & B4, "") & "_" & U4)
D5: =TRIM(RIGHT(SUBSTITUTE(C5,"/",REPT(" ",100)),100)) | E5: =IFERROR(RIGHT(D5, LEN(D5) - FIND("@", SUBSTITUTE(D5, ".", "@", LEN(D5) - LEN(SUBSTITUTE(D5, ".", ""))))), "") | F5: =IF(E5=" "," ",vlookup(E5,formats!A:C,2,false)) -> #N/A | G5: =if(E5=" "," ",vlookup(E5,formats!A:C,3,false)) -> #N/A | L5: =if(K5="","",concatenate("1 ",F5," file (",K5,")")) | S5: =if(C5="","",vlookup(C5, file_dates!B:D, 3, "")) | U5: {=IFERROR(VLOOKUP(TRIM(C5), {TRIM(checksums!B:B), checksums!C:C}, 2, FALSE), "")} | V5: {=IF(U5="", "", IF(COUNTIF(LOWER(TRIM(CLEAN(duplicates!C:C))), LOWER(TRIM(CLEAN(U5)))), "Yes", "No"))} | W5: =IF(OR(A5="", N5="do not accession"), "", "sul:" & A5 & IF(B5<>"", "_" & B5, "") & "_" & U5)
D6: =TRIM(RIGHT(SUBSTITUTE(C6,"/",REPT(" ",100)),100)) | E6: =IFERROR(RIGHT(D6, LEN(D6) - FIND("@", SUBSTITUTE(D6, ".", "@", LEN(D6) - LEN(SUBSTITUTE(D6, ".", ""))))), "") | F6: =IF(E6=" "," ",vlookup(E6,formats!A:C,2,false)) -> #N/A | G6: =if(E6=" "," ",vlookup(E6,formats!A:C,3,false)) -> #N/A | L6: =if(K6="","",concatenate("1 ",F6," file (",K6,")")) | S6: =if(C6="","",vlookup(C6, file_dates!B:D, 3, "")) | U6: {=IFERROR(VLOOKUP(TRIM(C6), {TRIM(checksums!B:B), checksums!C:C}, 2, FALSE), "")} | V6: {=IF(U6="", "", IF(COUNTIF(LOWER(TRIM(CLEAN(duplicates!C:C))), LOWER(TRIM(CLEAN(U6)))), "Yes", "No"))} | W6: =IF(OR(A6="", N6="do not accession"), "", "sul:" & A6 & IF(B6<>"", "_" & B6, "") & "_" & U6)
D7: =TRIM(RIGHT(SUBSTITUTE(C7,"/",REPT(" ",100)),100)) | E7: =IFERROR(RIGHT(D7, LEN(D7) - FIND("@", SUBSTITUTE(D7, ".", "@", LEN(D7) - LEN(SUBSTITUTE(D7, ".", ""))))), "") | F7: =IF(E7=" "," ",vlookup(E7,formats!A:C,2,false)) -> #N/A | G7: =if(E7=" "," ",vlookup(E7,formats!A:C,3,false)) -> #N/A | L7: =if(K7="","",concatenate("1 ",F7," file (",K7,")")) | S7: =if(C7="","",vlookup(C7, file_dates!B:D, 3, "")) | U7: {=IFERROR(VLOOKUP(TRIM(C7), {TRIM(checksums!B:B), checksums!C:C}, 2, FALSE), "")} | V7: {=IF(U7="", "", IF(COUNTIF(LOWER(TRIM(CLEAN(duplicates!C:C))), LOWER(TRIM(CLEAN(U7)))), "Yes", "No"))} | W7: =IF(OR(A7="", N7="do not accession"), "", "sul:" & A7 & IF(B7<>"", "_" & B7, "") & "_" & U7)
D8: =TRIM(RIGHT(SUBSTITUTE(C8,"/",REPT(" ",100)),100)) | E8: =IFERROR(RIGHT(D8, LEN(D8) - FIND("@", SUBSTITUTE(D8, ".", "@", LEN(D8) - LEN(SUBSTITUTE(D8, ".", ""))))), "") | F8: =IF(E8=" "," ",vlookup(E8,formats!A:C,2,false)) -> #N/A | G8: =if(E8=" "," ",vlookup(E8,formats!A:C,3,false)) -> #N/A | L8: =if(K8="","",concatenate("1 ",F8," file (",K8,")")) | S8: =if(C8="","",vlookup(C8, file_dates!B:D, 3, "")) | U8: {=IFERROR(VLOOKUP(TRIM(C8), {TRIM(checksums!B:B), checksums!C:C}, 2, FALSE), "")} | V8: {=IF(U8="", "", IF(COUNTIF(LOWER(TRIM(CLEAN(duplicates!C:C))), LOWER(TRIM(CLEAN(U8)))), "Yes", "No"))} | W8: =IF(OR(A8="", N8="do not accession"), "", "sul:" & A8 & IF(B8<>"", "_" & B8, "") & "_" & U8)
D9: =TRIM(RIGHT(SUBSTITUTE(C9,"/",REPT(" ",100)),100)) | E9: =IFERROR(RIGHT(D9, LEN(D9) - FIND("@", SUBSTITUTE(D9, ".", "@", LEN(D9) - LEN(SUBSTITUTE(D9, ".", ""))))), "") | F9: =IF(E9=" "," ",vlookup(E9,formats!A:C,2,false)) -> #N/A | G9: =if(E9=" "," ",vlookup(E9,formats!A:C,3,false)) -> #N/A | L9: =if(K9="","",concatenate("1 ",F9," file (",K9,")")) | S9: =if(C9="","",vlookup(C9, file_dates!B:D, 3, "")) | U9: {=IFERROR(VLOOKUP(TRIM(C9), {TRIM(checksums!B:B), checksums!C:C}, 2, FALSE), "")} | V9: {=IF(U9="", "", IF(COUNTIF(LOWER(TRIM(CLEAN(duplicates!C:C))), LOWER(TRIM(CLEAN(U9)))), "Yes", "No"))} | W9: =IF(OR(A9="", N9="do not accession"), "", "sul:" & A9 & IF(B9<>"", "_" & B9, "") & "_" & U9)
D10: =TRIM(RIGHT(SUBSTITUTE(C10,"/",REPT(" ",100)),100)) | E10: =IFERROR(RIGHT(D10, LEN(D10) - FIND("@", SUBSTITUTE(D10, ".", "@", LEN(D10) - LEN(SUBSTITUTE(D10, ".", ""))))), "") | F10: =IF(E10=" "," ",vlookup(E10,formats!A:C,2,false)) -> #N/A | G10: =if(E10=" "," ",vlookup(E10,formats!A:C,3,false)) -> #N/A | L10: =if(K10="","",concatenate("1 ",F10," file (",K10,")")) | S10: =if(C10="","",vlookup(C10, file_dates!B:D, 3, "")) | U10: {=IFERROR(VLOOKUP(TRIM(C10), {TRIM(checksums!B:B), checksums!C:C}, 2, FALSE), "")} | V10: {=IF(U10="", "", IF(COUNTIF(LOWER(TRIM(CLEAN(duplicates!C:C))), LOWER(TRIM(CLEAN(U10)))), "Yes", "No"))} | W10: =IF(OR(A10="", N10="do not accession"), "", "sul:" & A10 & IF(B10<>"", "_" & B10, "") & "_" & U10)
D11: =TRIM(RIGHT(SUBSTITUTE(C11,"/",REPT(" ",100)),100)) | E11: =IFERROR(RIGHT(D11, LEN(D11) - FIND("@", SUBSTITUTE(D11, ".", "@", LEN(D11) - LEN(SUBSTITUTE(D11, ".", ""))))), "") | F11: =IF(E11=" "," ",vlookup(E11,formats!A:C,2,false)) -> #N/A | G11: =if(E11=" "," ",vlookup(E11,formats!A:C,3,false)) -> #N/A | L11: =if(K11="","",concatenate("1 ",F11," file (",K11,")")) | S11: =if(C11="","",vlookup(C11, file_dates!B:D, 3, "")) | U11: {=IFERROR(VLOOKUP(TRIM(C11), {TRIM(checksums!B:B), checksums!C:C}, 2, FALSE), "")} | V11: {=IF(U11="", "", IF(COUNTIF(LOWER(TRIM(CLEAN(duplicates!C:C))), LOWER(TRIM(CLEAN(U11)))), "Yes", "No"))} | W11: =IF(OR(A11="", N11="do not accession"), "", "sul:" & A11 & IF(B11<>"", "_" & B11, "") & "_" & U11)
D12: =TRIM(RIGHT(SUBSTITUTE(C12,"/",REPT(" ",100)),100)) | E12: =IFERROR(RIGHT(D12, LEN(D12) - FIND("@", SUBSTITUTE(D12, ".", "@", LEN(D12) - LEN(SUBSTITUTE(D12, ".", ""))))), "") | F12: =IF(E12=" "," ",vlookup(E12,formats!A:C,2,false)) -> #N/A | G12: =if(E12=" "," ",vlookup(E12,formats!A:C,3,false)) -> #N/A | L12: =if(K12="","",concatenate("1 ",F12," file (",K12,")")) | S12: =if(C12="","",vlookup(C12, file_dates!B:D, 3, "")) | U12: {=IFERROR(VLOOKUP(TRIM(C12), {TRIM(checksums!B:B), checksums!C:C}, 2, FALSE), "")} | V12: {=IF(U12="", "", IF(COUNTIF(LOWER(TRIM(CLEAN(duplicates!C:C))), LOWER(TRIM(CLEAN(U12)))), "Yes", "No"))} | W12: =IF(OR(A12="", N12="do not accession"), "", "sul:" & A12 & IF(B12<>"", "_" & B12, "") & "_" & U12)
D13: =TRIM(RIGHT(SUBSTITUTE(C13,"/",REPT(" ",100)),100)) | E13: =IFERROR(RIGHT(D13, LEN(D13) - FIND("@", SUBSTITUTE(D13, ".", "@", LEN(D13) - LEN(SUBSTITUTE(D13, ".", ""))))), "") | F13: =IF(E13=" "," ",vlookup(E13,formats!A:C,2,false)) -> #N/A | G13: =if(E13=" "," ",vlookup(E13,formats!A:C,3,false)) -> #N/A | L13: =if(K13="","",concatenate("1 ",F13," file (",K13,")")) | S13: =if(C13="","",vlookup(C13, file_dates!B:D, 3, "")) | U13: {=IFERROR(VLOOKUP(TRIM(C13), {TRIM(checksums!B:B), checksums!C:C}, 2, FALSE), "")} | V13: {=IF(U13="", "", IF(COUNTIF(LOWER(TRIM(CLEAN(duplicates!C:C))), LOWER(TRIM(CLEAN(U13)))), "Yes", "No"))} | W13: =IF(OR(A13="", N13="do not accession"), "", "sul:" & A13 & IF(B13<>"", "_" & B13, "") & "_" & U13)
D14: =TRIM(RIGHT(SUBSTITUTE(C14,"/",REPT(" ",100)),100)) | E14: =IFERROR(RIGHT(D14, LEN(D14) - FIND("@", SUBSTITUTE(D14, ".", "@", LEN(D14) - LEN(SUBSTITUTE(D14, ".", ""))))), "") | F14: =IF(E14=" "," ",vlookup(E14,formats!A:C,2,false)) -> #N/A | G14: =if(E14=" "," ",vlookup(E14,formats!A:C,3,false)) -> #N/A | L14: =if(K14="","",concatenate("1 ",F14," file (",K14,")")) | S14: =if(C14="","",vlookup(C14, file_dates!B:D, 3, "")) | U14: {=IFERROR(VLOOKUP(TRIM(C14), {TRIM(checksums!B:B), checksums!C:C}, 2, FALSE), "")} | V14: {=IF(U14="", "", IF(COUNTIF(LOWER(TRIM(CLEAN(duplicates!C:C))), LOWER(TRIM(CLEAN(U14)))), "Yes", "No"))} | W14: =IF(OR(A14="", N14="do not accession"), "", "sul:" & A14 & IF(B14<>"", "_" & B14, "") & "_" & U14)
D15: =TRIM(RIGHT(SUBSTITUTE(C15,"/",REPT(" ",100)),100)) | E15: =IFERROR(RIGHT(D15, LEN(D15) - FIND("@", SUBSTITUTE(D15, ".", "@", LEN(D15) - LEN(SUBSTITUTE(D15, ".", ""))))), "") | F15: =IF(E15=" "," ",vlookup(E15,formats!A:C,2,false)) -> #N/A | G15: =if(E15=" "," ",vlookup(E15,formats!A:C,3,false)) -> #N/A | L15: =if(K15="","",concatenate("1 ",F15," file (",K15,")")) | S15: =if(C15="","",vlookup(C15, file_dates!B:D, 3, "")) | U15: {=IFERROR(VLOOKUP(TRIM(C15), {TRIM(checksums!B:B), checksums!C:C}, 2, FALSE), "")} | V15: {=IF(U15="", "", IF(COUNTIF(LOWER(TRIM(CLEAN(duplicates!C:C))), LOWER(TRIM(CLEAN(U15)))), "Yes", "No"))} | W15: =IF(OR(A15="", N15="do not accession"), "", "sul:" & A15 & IF(B15<>"", "_" & B15, "") & "_" & U15)
D16: =TRIM(RIGHT(SUBSTITUTE(C16,"/",REPT(" ",100)),100)) | E16: =IFERROR(RIGHT(D16, LEN(D16) - FIND("@", SUBSTITUTE(D16, ".", "@", LEN(D16) - LEN(SUBSTITUTE(D16, ".", ""))))), "") | F16: =IF(E16=" "," ",vlookup(E16,formats!A:C,2,false)) -> #N/A | G16: =if(E16=" "," ",vlookup(E16,formats!A:C,3,false)) -> #N/A | L16: =if(K16="","",concatenate("1 ",F16," file (",K16,")")) | S16: =if(C16="","",vlookup(C16, file_dates!B:D, 3, "")) | U16: {=IFERROR(VLOOKUP(TRIM(C16), {TRIM(checksums!B:B), checksums!C:C}, 2, FALSE), "")} | V16: {=IF(U16="", "", IF(COUNTIF(LOWER(TRIM(CLEAN(duplicates!C:C))), LOWER(TRIM(CLEAN(U16)))), "Yes", "No"))} | W16: =IF(OR(A16="", N16="do not accession"), "", "sul:" & A16 & IF(B16<>"", "_" & B16, "") & "_" & U16)
... D1125: =TRIM(RIGHT(SUBSTITUTE(C1125,"/",REPT(" ",100)),100)) | E1125: =IFERROR(RIGHT(D1125, LEN(D1125) - FIND("@", SUBSTITUTE(D1125, ".", "@", LEN(D1125) - LEN(SUBSTITUTE(D1125, ".", ""))))), "") | F1125: =IF(E1125=" "," ",vlookup(E1125,formats!A:C,2,false)) -> #N/A | G1125: =if(E1125=" "," ",vlookup(E1125,formats!A:C,3,false)) -> #N/A | L1125: =if(K1125="","",concatenate("1 ",F1125," file (",K1125,")")) | S1125: =if(C1125="","",vlookup(C1125, file_dates!B:D, 3, "")) | U1125: {=IFERROR(VLOOKUP(TRIM(C1125), {TRIM(checksums!B:B), checksums!C:C}, 2, FALSE), "")} | V1125: {=IF(U1125="", "", IF(COUNTIF(LOWER(TRIM(CLEAN(duplicates!C:C))), LOWER(TRIM(CLEAN(U1125)))), "Yes", "No"))} | W1125: =IF(OR(A1125="", N1125="do not accession"), "", "sul:" & A1125 & IF(B1125<>"", "_" & B1125, "") & "_" & U1125)
E1126: =IFERROR(RIGHT(D1126, LEN(D1126) - FIND("@", SUBSTITUTE(D1126, ".", "@", LEN(D1126) - LEN(SUBSTITUTE(D1126, ".", ""))))), "") | L1126: =if(K1126="","",concatenate("1 ",F1126," file (",K1126,")")) | W1126: =IF(OR(A1126="", N1126="do not accession"), "", "sul:" & A1126 & IF(B1126<>"", "_" & B1126, "") & "_" & U1126)
E1127: =IFERROR(RIGHT(D1127, LEN(D1127) - FIND("@", SUBSTITUTE(D1127, ".", "@", LEN(D1127) - LEN(SUBSTITUTE(D1127, ".", ""))))), "") | L1127: =if(K1127="","",concatenate("1 ",F1127," file (",K1127,")")) | W1127: =IF(OR(A1127="", N1127="do not accession"), "", "sul:" & A1127 & IF(B1127<>"", "_" & B1127, "") & "_" & U1127)
E1128: =IFERROR(RIGHT(D1128, LEN(D1128) - FIND("@", SUBSTITUTE(D1128, ".", "@", LEN(D1128) - LEN(SUBSTITUTE(D1128, ".", ""))))), "") | L1128: =if(K1128="","",concatenate("1 ",F1128," file (",K1128,")")) | W1128: =IF(OR(A1128="", N1128="do not accession"), "", "sul:" & A1128 & IF(B1128<>"", "_" & B1128, "") & "_" & U1128)
E1129: =IFERROR(RIGHT(D1129, LEN(D1129) - FIND("@", SUBSTITUTE(D1129, ".", "@", LEN(D1129) - LEN(SUBSTITUTE(D1129, ".", ""))))), "") | L1129: =if(K1129="","",concatenate("1 ",F1129," file (",K1129,")")) | W1129: =IF(OR(A1129="", N1129="do not accession"), "", "sul:" & A1129 & IF(B1129<>"", "_" & B1129, "") & "_" & U1129)
E1130: =IFERROR(RIGHT(D1130, LEN(D1130) - FIND("@", SUBSTITUTE(D1130, ".", "@", LEN(D1130) - LEN(SUBSTITUTE(D1130, ".", ""))))), "") | L1130: =if(K1130="","",concatenate("1 ",F1130," file (",K1130,")")) | W1130: =IF(OR(A1130="", N1130="do not accession"), "", "sul:" & A1130 & IF(B1130<>"", "_" & B1130, "") & "_" & U1130)
E1131: =IFERROR(RIGHT(D1131, LEN(D1131) - FIND("@", SUBSTITUTE(D1131, ".", "@", LEN(D1131) - LEN(SUBSTITUTE(D1131, ".", ""))))), "") | L1131: =if(K1131="","",concatenate("1 ",F1131," file (",K1131,")")) | W1131: =IF(OR(A1131="", N1131="do not accession"), "", "sul:" & A1131 & IF(B1131<>"", "_" & B1131, "") & "_" & U1131)
E1132: =IFERROR(RIGHT(D1132, LEN(D1132) - FIND("@", SUBSTITUTE(D1132, ".", "@", LEN(D1132) - LEN(SUBSTITUTE(D1132, ".", ""))))), "") | L1132: =if(K1132="","",concatenate("1 ",F1132," file (",K1132,")")) | W1132: =IF(OR(A1132="", N1132="do not accession"), "", "sul:" & A1132 & IF(B1132<>"", "_" & B1132, "") & "_" & U1132)
E1133: =IFERROR(RIGHT(D1133, LEN(D1133) - FIND("@", SUBSTITUTE(D1133, ".", "@", LEN(D1133) - LEN(SUBSTITUTE(D1133, ".", ""))))), "") | L1133: =if(K1133="","",concatenate("1 ",F1133," file (",K1133,")")) | W1133: =IF(OR(A1133="", N1133="do not accession"), "", "sul:" & A1133 & IF(B1133<>"", "_" & B1133, "") & "_" & U1133)
E1134: =IFERROR(RIGHT(D1134, LEN(D1134) - FIND("@", SUBSTITUTE(D1134, ".", "@", LEN(D1134) - LEN(SUBSTITUTE(D1134, ".", ""))))), "") | L1134: =if(K1134="","",concatenate("1 ",F1134," file (",K1134,")")) | W1134: =IF(OR(A1134="", N1134="do not accession"), "", "sul:" & A1134 & IF(B1134<>"", "_" & B1134, "") & "_" & U1134)
E1135: =IFERROR(RIGHT(D1135, LEN(D1135) - FIND("@", SUBSTITUTE(D1135, ".", "@", LEN(D1135) - LEN(SUBSTITUTE(D1135, ".", ""))))), "") | L1135: =if(K1135="","",concatenate("1 ",F1135," file (",K1135,")")) | W1135: =IF(OR(A1135="", N1135="do not accession"), "", "sul:" & A1135 & IF(B1135<>"", "_" & B1135, "") & "_" & U1135)
E1136: =IFERROR(RIGHT(D1136, LEN(D1136) - FIND("@", SUBSTITUTE(D1136, ".", "@", LEN(D1136) - LEN(SUBSTITUTE(D1136, ".", ""))))), "") | L1136: =if(K1136="","",concatenate("1 ",F1136," file (",K1136,")")) | W1136: =IF(OR(A1136="", N1136="do not accession"), "", "sul:" & A1136 & IF(B1136<>"", "_" & B1136, "") & "_" & U1136)
E1137: =IFERROR(RIGHT(D1137, LEN(D1137) - FIND("@", SUBSTITUTE(D1137, ".", "@", LEN(D1137) - LEN(SUBSTITUTE(D1137, ".", ""))))), "") | L1137: =if(K1137="","",concatenate("1 ",F1137," file (",K1137,")")) | W1137: =IF(OR(A1137="", N1137="do not accession"), "", "sul:" & A1137 & IF(B1137<>"", "_" & B1137, "") & "_" & U1137)
... E1691: =IFERROR(RIGHT(D1691, LEN(D1691) - FIND("@", SUBSTITUTE(D1691, ".", "@", LEN(D1691) - LEN(SUBSTITUTE(D1691, ".", ""))))), "") | L1691: =if(K1691="","",concatenate("1 ",F1691," file (",K1691,")")) | W1691: =IF(OR(A1691="", N1691="do not accession"), "", "sul:" & A1691 & IF(B1691<>"", "_" & B1691, "") & "_" & U1691)

Sheet files_to_accession
A1: This sheet populates from the "all_files" sheet for rows where "accession to sdr" is selected as the action (Column N). Other notes can be added to this sheet as needed
A2: DO NOT EDIT - FILL DOWN | B2: DO NOT EDIT - FILL DOWN | C2: DO NOT EDIT - FILL DOWN | D2: DO NOT EDIT - FILL DOWN | E2: DO NOT EDIT - FILL DOWN | F2: DO NOT EDIT - FILL DOWN | J2: DO NOT EDIT - FILL DOWN | K2: DO NOT EDIT - FILL DOWN | M2: DO NOT EDIT - FILL DOWN | R2: DO NOT EDIT - FILL DOWN | T2: DO NOT EDIT - FILL DOWN | U2: DO NOT EDIT - FILL DOWN | V2: DO NOT EDIT - FILL DOWN
A3: Computer Media # | B3: full file path | C3: file name | D3: file extension | E3: format | F3: mime | G3: renderable? | H3: rendered with | I3: comments on rendering | J3: filesize (bytes) | K3: filesize (kb) | L3: extent | M3: technical notes | N3: action | O3: rights | P3: disk label | Q3: notes | R3: date from file | S3: date from content | T3: checksum | U3: duplicate file? | V3: source_id | W3: general topic
A4: =IFERROR(__xludf.DUMMYFUNCTION("filter(all_files!B:Y, all_files!N:N = ""Accession to SDR"")"),"#N/A") -> #N/A

Sheet restricted_files
A1: This sheet populates from the "all_files" sheet for rows where "Restrict of Redact" is selected as the action (Column N). Other notes can be added to this sheet as needed
A2: DO NOT EDIT - FILL DOWN | B2: DO NOT EDIT - FILL DOWN | C2: DO NOT EDIT - FILL DOWN
A3: Computer Media # | B3: full file path | C3: file name | D3: Reason for restriction | E3: Time period for restriction
A4: =IFERROR(__xludf.DUMMYFUNCTION("filter(all_files!B:Y, all_files!N:N = ""Restrict or Redact"")"),"#N/A") -> #N/A

Sheet process_tracking
A1: This sheet populates from the "files to accession" sheet and can be used to track progress in the processing workflow
A2: DO NOT EDIT - FILL DOWN | B2: DO NOT EDIT - FILL DOWN | C2: DO NOT EDIT - FILL DOWN | D2: Converted for access | E2: Accessioned | F2: File manifest required | G2: Descriptive metadata uploaded | H2: Released to SearchWorks
A3: Computer Media # | B3: full file path | C3: file name
A4: =IFERROR(__xludf.DUMMYFUNCTION("FILTER(files_to_accession!A4:C4, files_to_accession!A4 <> """")"),"#N/A") -> #N/A | D4: FALSE | E4: FALSE | F4: FALSE | G4: FALSE | H4: FALSE
D5: FALSE | E5: FALSE | F5: FALSE | G5: FALSE | H5: FALSE
D6: FALSE | E6: FALSE | F6: FALSE | G6: FALSE | H6: FALSE
D7: FALSE | E7: FALSE | F7: FALSE | G7: FALSE | H7: FALSE
D8: FALSE | E8: FALSE | F8: FALSE | G8: FALSE | H8: FALSE
D9: FALSE | E9: FALSE | F9: FALSE | G9: FALSE | H9: FALSE
D10: FALSE | E10: FALSE | F10: FALSE | G10: FALSE | H10: FALSE
D11: FALSE | E11: FALSE | F11: FALSE | G11: FALSE | H11: FALSE
D12: FALSE | E12: FALSE | F12: FALSE | G12: FALSE | H12: FALSE
D13: FALSE | E13: FALSE | F13: FALSE | G13: FALSE | H13: FALSE
D14: FALSE | E14: FALSE | F14: FALSE | G14: FALSE | H14: FALSE
D15: FALSE | E15: FALSE | F15: FALSE | G15: FALSE | H15: FALSE
D16: FALSE | E16: FALSE | F16: FALSE | G16: FALSE | H16: FALSE
... D1126: FALSE | E1126: FALSE | F1126: FALSE | G1126: FALSE | H1126: FALSE

Sheet formats
A1: This sheet contains a dictionary of file extensions and formats that is used to populate other sheets. Feel free to add more formats as you encounter them.
A2: file extension | B2: format | C2: mime
A3: arw | B3: Sony ARW RAW Image File | C3: image/x-sony-arw
A4: asp | B4: Active Server Page
A5: bmp | B5: Windows Bitmap | C5: image/bmp
A6: css | B6: Cascading Style Sheet | C6: text/css
A7: csv | B7: Comma-separated values (CSV) | C7: text/csv
A8: dng | B8: Digital Negative Format | C8: image/x-adobe-dng
A9: doc | B9: Microsoft Word Document | C9: application/msword
A10: docx | B10: Microsoft Word Document (OpenXML) | C10: application/vnd.openxmlformats-officedocument.wordprocessingml.document
A11: gif | B11: Graphics Interchange Format | C11: image/gif
A12: htm | B12: Hypertext Markup Language | C12: text/html
A13: html | B13: Hypertext Markup Language | C13: text/html
A14: ini | B14: Text Configuration
A15: jpe | B15: JPEG image | C15: image/jpeg
A16: jpeg | B16: JPEG image | C16: image/jpeg
A17: jpg | B17: JPEG image | C17: image/jpeg
A18: js | B18: JavaScript file | C18: application/javascript
A19: ldif | B19: LDAP Data Interchange Format
A20: lnk | B20: Microsoft Windows Shortcut
A21: m4a | B21: MPEG-4 Media | C21: application/mp4
A22: mp3 | B22: MPEG 1/2 Audio Layer 3 | C22: audio/mpeg
A23: nef | B23: Nikon Electronic Format | C23: image/x-nikon-nef
A24: pdf | B24: Portable Document Format | C24: application/pdf
A25: pk | B25: Peak Graphical Waveform
A26: png | B26: Portable Network Graphics | C26: image/png
A27: ppt | B27: Microsoft PowerPoint | C27: application/vnd.ms-powerpoint
A28: pptx | B28: Microsoft PowerPoint (OpenXML) | C28: application/vnd.openxmlformats-officedocument.presentationml.presentation
A29: rtf | B29: Rich Text Format | C29: application/rtf
A30: swf | B30: Adobe Flash | C30: application/x-shockwave-flash
A31: tar | B31: Tape Archive (TAR) | C31: application/x-tar
A32: tif | B32: Tagged Image File Format | C32: image/tiff
A33: tiff | B33: Tagged Image File Format | C33: image/tiff
A34: txt | B34: Plain text | C34: text/plain
A35: warc | B35: Web ARChive | C35: application/warc
A36: wav | B36: Broadcast WAVE | C36: audio/x-wav
A37: webarchive | B37: Apple Web Archive | C37: application/x-webarchive
... A44: zip | B44: ZIP archive | C44: application/zip

Sheet disk_labels
A1: Use this sheet to record transcribed disk labels
A2: Computer Media # | B2: Disk Label

Sheet file_dates
A1: This sheet contains files and the associated date of creation. 1. Add full file path for each file from file_info.csv (Column B) 2. Add date created from file_info.csv (Column D) | C1: DO NOT EDIT - FILL DOWN
A2: Computer Media # | B2: full filepath | C2: filename | D2: date created
A3: {=if(B3="","",vlookup(B3,CHOOSECOLS(all_files!B:C,2,1),2,FALSE))} | C3: =TRIM(RIGHT(SUBSTITUTE(B3,"/",REPT(" ",100)),100))
A4: {=if(B4="","",vlookup(B4,CHOOSECOLS(all_files!B:C,2,1),2,FALSE))} | C4: =TRIM(RIGHT(SUBSTITUTE(B4,"/",REPT(" ",100)),100))
A5: {=if(B5="","",vlookup(B5,CHOOSECOLS(all_files!B:C,2,1),2,FALSE))} | C5: =TRIM(RIGHT(SUBSTITUTE(B5,"/",REPT(" ",100)),100))
A6: {=if(B6="","",vlookup(B6,CHOOSECOLS(all_files!B:C,2,1),2,FALSE))} | C6: =TRIM(RIGHT(SUBSTITUTE(B6,"/",REPT(" ",100)),100))
A7: {=if(B7="","",vlookup(B7,CHOOSECOLS(all_files!B:C,2,1),2,FALSE))} | C7: =TRIM(RIGHT(SUBSTITUTE(B7,"/",REPT(" ",100)),100))
A8: {=if(B8="","",vlookup(B8,CHOOSECOLS(all_files!B:C,2,1),2,FALSE))} | C8: =TRIM(RIGHT(SUBSTITUTE(B8,"/",REPT(" ",100)),100))
A9: {=if(B9="","",vlookup(B9,CHOOSECOLS(all_files!B:C,2,1),2,FALSE))} | C9: =TRIM(RIGHT(SUBSTITUTE(B9,"/",REPT(" ",100)),100))
A10: {=if(B10="","",vlookup(B10,CHOOSECOLS(all_files!B:C,2,1),2,FALSE))} | C10: =TRIM(RIGHT(SUBSTITUTE(B10,"/",REPT(" ",100)),100))
A11: {=if(B11="","",vlookup(B11,CHOOSECOLS(all_files!B:C,2,1),2,FALSE))} | C11: =TRIM(RIGHT(SUBSTITUTE(B11,"/",REPT(" ",100)),100))
A12: {=if(B12="","",vlookup(B12,CHOOSECOLS(all_files!B:C,2,1),2,FALSE))} | C12: =TRIM(RIGHT(SUBSTITUTE(B12,"/",REPT(" ",100)),100))
A13: {=if(B13="","",vlookup(B13,CHOOSECOLS(all_files!B:C,2,1),2,FALSE))} | C13: =TRIM(RIGHT(SUBSTITUTE(B13,"/",REPT(" ",100)),100))
A14: {=if(B14="","",vlookup(B14,CHOOSECOLS(all_files!B:C,2,1),2,FALSE))} | C14: =TRIM(RIGHT(SUBSTITUTE(B14,"/",REPT(" ",100)),100))
... A1191: {=if(B1191="","",vlookup(B1191,CHOOSECOLS(all_files!B:C,2,1),2,FALSE))} | C1191: =TRIM(RIGHT(SUBSTITUTE(B1191,"/",REPT(" ",100)),100))

Sheet filesize_bytes
A1: This sheet contains files and the associated filesize in bytes. 1. Add full file path for each file from file_info.csv (Column B) 2. Add filesize from file_info.csv (Column D) | C1: DO NOT EDIT - FILL DOWN
A2: Computer Media # | B2: full filepath | C2: filename | D2: filesize (bytes)
A3: {=if(B3="","",vlookup(B3,CHOOSECOLS(all_files!B:C,2,1),2,FALSE))} | C3: =TRIM(RIGHT(SUBSTITUTE(B3,"/",REPT(" ",100)),100))
A4: {=if(B4="","",vlookup(B4,CHOOSECOLS(all_files!B:C,2,1),2,FALSE))} | C4: =TRIM(RIGHT(SUBSTITUTE(B4,"/",REPT(" ",100)),100))
A5: {=if(B5="","",vlookup(B5,CHOOSECOLS(all_files!B:C,2,1),2,FALSE))} | C5: =TRIM(RIGHT(SUBSTITUTE(B5,"/",REPT(" ",100)),100))
A6: {=if(B6="","",vlookup(B6,CHOOSECOLS(all_files!B:C,2,1),2,FALSE))} | C6: =TRIM(RIGHT(SUBSTITUTE(B6,"/",REPT(" ",100)),100))
A7: {=if(B7="","",vlookup(B7,CHOOSECOLS(all_files!B:C,2,1),2,FALSE))} | C7: =TRIM(RIGHT(SUBSTITUTE(B7,"/",REPT(" ",100)),100))
A8: {=if(B8="","",vlookup(B8,CHOOSECOLS(all_files!B:C,2,1),2,FALSE))} | C8: =TRIM(RIGHT(SUBSTITUTE(B8,"/",REPT(" ",100)),100))
A9: {=if(B9="","",vlookup(B9,CHOOSECOLS(all_files!B:C,2,1),2,FALSE))} | C9: =TRIM(RIGHT(SUBSTITUTE(B9,"/",REPT(" ",100)),100))
A10: {=if(B10="","",vlookup(B10,CHOOSECOLS(all_files!B:C,2,1),2,FALSE))} | C10: =TRIM(RIGHT(SUBSTITUTE(B10,"/",REPT(" ",100)),100))
A11: {=if(B11="","",vlookup(B11,CHOOSECOLS(all_files!B:C,2,1),2,FALSE))} | C11: =TRIM(RIGHT(SUBSTITUTE(B11,"/",REPT(" ",100)),100))
A12: {=if(B12="","",vlookup(B12,CHOOSECOLS(all_files!B:C,2,1),2,FALSE))} | C12: =TRIM(RIGHT(SUBSTITUTE(B12,"/",REPT(" ",100)),100))
A13: {=if(B13="","",vlookup(B13,CHOOSECOLS(all_files!B:C,2,1),2,FALSE))} | C13: =TRIM(RIGHT(SUBSTITUTE(B13,"/",REPT(" ",100)),100))
A14: {=if(B14="","",vlookup(B14,CHOOSECOLS(all_files!B:C,2,1),2,FALSE))} | C14: =TRIM(RIGHT(SUBSTITUTE(B14,"/",REPT(" ",100)),100))
... A1191: {=if(B1191="","",vlookup(B1191,CHOOSECOLS(all_files!B:C,2,1),2,FALSE))} | C1191: =TRIM(RIGHT(SUBSTITUTE(B1191,"/",REPT(" ",100)),100))

Sheet duplicates
A1: This sheet contains files and their associated md5 checksums on a conditional basis if there are duplicate checksums. Files with matching checksums are grouped together.
A2: DO NOT EDIT - FILL DOWN | B2: DO NOT EDIT - FILL DOWN | C2: DO NOT EDIT - FILL DOWN
A3: Computer Media # | B3: filename | C3: checksum
A4: =IFERROR(__xludf.DUMMYFUNCTION("SORT(FILTER(checksums!A:C, COUNTIF(checksums!C:C, checksums!C:C) > 1), 3, TRUE)"),"#N/A") -> #N/A

Sheet checksums
A1: This sheet contains files and the associated checksum. 1. Add full file path for each file from file_info.csv (Column B) 2. Add checksum from file_info.csv (Column C)"
A2: Computer Media # | B2: filepath | C2: checksum
A3: {=if(B3="","",vlookup(B3,CHOOSECOLS(all_files!B:C,2,1),2,FALSE))}
A4: {=if(B4="","",vlookup(B4,CHOOSECOLS(all_files!B:C,2,1),2,FALSE))}
A5: {=if(B5="","",vlookup(B5,CHOOSECOLS(all_files!B:C,2,1),2,FALSE))}
A6: {=if(B6="","",vlookup(B6,CHOOSECOLS(all_files!B:C,2,1),2,FALSE))}
A7: {=if(B7="","",vlookup(B7,CHOOSECOLS(all_files!B:C,2,1),2,FALSE))}
A8: {=if(B8="","",vlookup(B8,CHOOSECOLS(all_files!B:C,2,1),2,FALSE))}
A9: {=if(B9="","",vlookup(B9,CHOOSECOLS(all_files!B:C,2,1),2,FALSE))}
A10: {=if(B10="","",vlookup(B10,CHOOSECOLS(all_files!B:C,2,1),2,FALSE))}
A11: {=if(B11="","",vlookup(B11,CHOOSECOLS(all_files!B:C,2,1),2,FALSE))}
A12: {=if(B12="","",vlookup(B12,CHOOSECOLS(all_files!B:C,2,1),2,FALSE))}
A13: {=if(B13="","",vlookup(B13,CHOOSECOLS(all_files!B:C,2,1),2,FALSE))}
A14: {=if(B14="","",vlookup(B14,CHOOSECOLS(all_files!B:C,2,1),2,FALSE))}
... A3347: {=if(B3347="","",vlookup(B3347,CHOOSECOLS(all_files!B:C,2,1),2,FALSE))}
